{
  "n_estimators": 2936,
  "learning_rate": 0.07983370472454508,
  "max_depth": 3,
  "num_leaves": 989,
  "reg_lambda": 0.15863062316821452,
  "reg_alpha": 0.0160739202680702,
  "colsample_bytree": 0.7364875659389419,
  "subsample": 0.7977901996437912,
  "min_child_samples": 59,
  "min_child_weight": 0.0055320700687979665
}