{
  "timestamp": "2025-12-09 19:56:35",
  "hyperparameters": {
    "n_estimators": 2936,
    "learning_rate": 0.07983370472454508,
    "max_depth": 3,
    "num_leaves": 989,
    "reg_lambda": 0.15863062316821452,
    "reg_alpha": 0.0160739202680702,
    "colsample_bytree": 0.7364875659389419,
    "subsample": 0.7977901996437912,
    "min_child_samples": 59,
    "min_child_weight": 0.0055320700687979665
  },
  "diagnostics": {
    "best_iteration": 1,
    "best_valid_score": 0.7182325246720371,
    "overfitting_gap_percent": 57.727646409769896,
    "convergence_speed_percent": 56.88007528923443
  },
  "training_info": {
    "model_type": "lightgbm",
    "configured_n_estimators": 2936,
    "actual_best_iteration": 1
  }
}