{
  "timestamp": "2025-12-09 23:37:17",
  "hyperparameters": {
    "n_estimators": 547,
    "learning_rate": 0.0113,
    "max_depth": 3,
    "num_leaves": 989,
    "reg_lambda": 0.35863062316821454,
    "reg_alpha": 0.1160739202680702,
    "colsample_bytree": 0.7364875659389419,
    "subsample": 0.7977901996437912,
    "min_child_samples": 59,
    "min_child_weight": 0.0055320700687979665
  },
  "diagnostics": {
    "best_iteration": 547,
    "best_valid_score": 9.65050716733118,
    "overfitting_gap_percent": -61.979778615393485,
    "convergence_speed_percent": 16.743115227344344
  },
  "training_info": {
    "model_type": "lightgbm",
    "configured_n_estimators": 547,
    "actual_best_iteration": 547
  }
}